Model,Train Accuracy,Test Accuracy,Precision,Recall,F1-Score,Overfit
XGBoost,1.0,0.9230769230769231,0.935897435897436,0.9230769230769231,0.9137529137529138,0.07692307692307687
Logistic Regression,1.0,0.8461538461538461,0.858974358974359,0.8461538461538461,0.8461538461538461,0.15384615384615385
Gradient Boosting,1.0,0.8461538461538461,0.8461538461538461,0.8461538461538461,0.8461538461538461,0.15384615384615385
LightGBM,1.0,0.8461538461538461,0.8461538461538461,0.8461538461538461,0.8461538461538461,0.15384615384615385
SVM,0.98,0.8461538461538461,0.8901098901098901,0.8461538461538461,0.8426573426573426,0.13384615384615384
KNN,1.0,0.8461538461538461,0.8901098901098901,0.8461538461538461,0.8426573426573426,0.15384615384615385
Random Forest,1.0,0.7692307692307693,0.7179487179487178,0.7692307692307693,0.7412587412587412,0.23076923076923073
Naive Bayes,0.56,0.5384615384615384,0.5,0.5384615384615384,0.48111888111888107,0.021538461538461617
