category,win_rate,avg_return,return_std,count
Buy,1.0,0.032471985574032816,,1
Neutral,0.7142857142857143,0.0008525001477782259,0.02455971968580546,42
Sell,1.0,-0.026476382314239755,,1
Strong Sell,0.0,,,19
