{
  "num_topics": 10,
  "coherence_score": 0.6359958390452076,
  "perplexity": -1.5735401520850483,
  "num_documents": 63,
  "vocabulary_size": 3
}